{"ID":0,"Name":"beck_object","PosX":-15.999984741210938,"PosY":189.55003356933594,"SizeX":64.0,"SizeY":64.0}
{"ID":1,"Name":"beck_object","PosX":49.00005340576172,"PosY":191.550048828125,"SizeX":64.0,"SizeY":64.0}
{"ID":2,"Name":"beck_object","PosX":97.00000762939453,"PosY":192.55007934570313,"SizeX":64.0,"SizeY":64.0}
{"ID":3,"Name":"beck_object","PosX":110.00003814697266,"PosY":127.55006408691406,"SizeX":64.0,"SizeY":64.0}
{"ID":4,"Name":"beck_object","PosX":59.00001525878906,"PosY":127.55006408691406,"SizeX":64.0,"SizeY":64.0}
{"ID":5,"Name":"beck_object","PosX":-0.9999847412109375,"PosY":123.55005645751953,"SizeX":64.0,"SizeY":64.0}
{"ID":6,"Name":"beck_object","PosX":150.99998474121094,"PosY":188.55006408691406,"SizeX":64.0,"SizeY":64.0}
