{"ID":0,"Name":"front_object","PosX":898.2596435546875,"PosY":385.64910888671875,"SizeX":64.0,"SizeY":64.0}
{"ID":1,"Name":"front_object","PosX":1003.2596435546875,"PosY":411.64910888671875,"SizeX":64.0,"SizeY":64.0}
{"ID":2,"Name":"front_object","PosX":1157.2596435546875,"PosY":411.64910888671875,"SizeX":64.0,"SizeY":64.0}
{"ID":3,"Name":"front_object","PosX":1193.2596435546875,"PosY":352.6490783691406,"SizeX":64.0,"SizeY":64.0}
{"ID":4,"Name":"front_object","PosX":1005.2596435546875,"PosY":364.6490783691406,"SizeX":64.0,"SizeY":64.0}
{"ID":5,"Name":"front_object","PosX":873.2596435546875,"PosY":351.6490783691406,"SizeX":64.0,"SizeY":64.0}
{"ID":6,"Name":"front_object","PosX":839.2596435546875,"PosY":409.64910888671875,"SizeX":64.0,"SizeY":64.0}
{"ID":7,"Name":"front_object","PosX":1087.2596435546875,"PosY":402.6490478515625,"SizeX":64.0,"SizeY":64.0}
{"ID":8,"Name":"front_object","PosX":993.2596435546875,"PosY":329.6490783691406,"SizeX":64.0,"SizeY":64.0}
{"ID":9,"Name":"front_object","PosX":926.2596435546875,"PosY":385.64910888671875,"SizeX":64.0,"SizeY":64.0}
{"ID":0,"Name":"front_object","PosX":1797.344970703125,"PosY":29.066986083984375,"SizeX":32.0,"SizeY":32.0}
{"ID":1,"Name":"front_object","PosX":1847.074462890625,"PosY":-11.886627197265625,"SizeX":32.0,"SizeY":32.0}
{"ID":2,"Name":"front_object","PosX":1879.252197265625,"PosY":-17.737152099609375,"SizeX":32.0,"SizeY":32.0}
{"ID":3,"Name":"front_object","PosX":1920.205810546875,"PosY":-0.185577392578125,"SizeX":32.0,"SizeY":32.0}
{"ID":4,"Name":"front_object","PosX":1928.9814453125,"PosY":8.59014892578125,"SizeX":32.0,"SizeY":32.0}
{"ID":5,"Name":"front_object","PosX":1934.832275390625,"PosY":26.1417236328125,"SizeX":32.0,"SizeY":32.0}
{"ID":6,"Name":"front_object","PosX":1896.8038330078125,"PosY":17.365936279296875,"SizeX":32.0,"SizeY":32.0}
{"ID":7,"Name":"front_object","PosX":1870.4765625,"PosY":8.59014892578125,"SizeX":32.0,"SizeY":32.0}
{"ID":8,"Name":"front_object","PosX":1847.074462890625,"PosY":20.29119873046875,"SizeX":32.0,"SizeY":32.0}
{"ID":9,"Name":"front_object","PosX":1823.6724853515625,"PosY":29.066986083984375,"SizeX":32.0,"SizeY":32.0}
{"ID":10,"Name":"front_object","PosX":1876.326904296875,"PosY":31.99224853515625,"SizeX":32.0,"SizeY":32.0}
{"ID":11,"Name":"front_object","PosX":1911.43017578125,"PosY":43.6932373046875,"SizeX":32.0,"SizeY":32.0}
{"ID":12,"Name":"front_object","PosX":1943.60791015625,"PosY":43.6932373046875,"SizeX":32.0,"SizeY":32.0}
{"ID":13,"Name":"front_object","PosX":1531.146484375,"PosY":450.3040771484375,"SizeX":32.0,"SizeY":32.0}
{"ID":14,"Name":"front_object","PosX":1615.97900390625,"PosY":383.0230712890625,"SizeX":32.0,"SizeY":32.0}
{"ID":15,"Name":"front_object","PosX":1730.06396484375,"PosY":383.0230712890625,"SizeX":32.0,"SizeY":32.0}
{"ID":16,"Name":"front_object","PosX":1990.4119873046875,"PosY":470.7808532714844,"SizeX":32.0,"SizeY":32.0}
{"ID":17,"Name":"front_object","PosX":2092.796142578125,"PosY":429.82733154296875,"SizeX":32.0,"SizeY":32.0}
{"ID":18,"Name":"front_object","PosX":2323.89111328125,"PosY":339.144287109375,"SizeX":32.0,"SizeY":32.0}
{"ID":19,"Name":"front_object","PosX":2540.3603515625,"PosY":362.5462951660156,"SizeX":32.0,"SizeY":32.0}
{"ID":20,"Name":"front_object","PosX":2695.39892578125,"PosY":479.5567321777344,"SizeX":32.0,"SizeY":32.0}
{"ID":21,"Name":"front_object","PosX":2753.904296875,"PosY":523.4356079101563,"SizeX":32.0,"SizeY":32.0}
{"ID":22,"Name":"front_object","PosX":2821.18505859375,"PosY":339.144287109375,"SizeX":32.0,"SizeY":32.0}
{"ID":23,"Name":"front_object","PosX":2794.85791015625,"PosY":339.144287109375,"SizeX":32.0,"SizeY":32.0}
{"ID":24,"Name":"front_object","PosX":2432.1259765625,"PosY":523.4356079101563,"SizeX":32.0,"SizeY":32.0}
{"ID":25,"Name":"front_object","PosX":2274.162109375,"PosY":514.6597290039063,"SizeX":32.0,"SizeY":32.0}
{"ID":26,"Name":"front_object","PosX":2095.72119140625,"PosY":415.2010803222656,"SizeX":32.0,"SizeY":32.0}
{"ID":27,"Name":"front_object","PosX":1835.373291015625,"PosY":359.6211242675781,"SizeX":32.0,"SizeY":32.0}
{"ID":28,"Name":"front_object","PosX":1601.35302734375,"PosY":482.4819030761719,"SizeX":32.0,"SizeY":32.0}
{"ID":29,"Name":"front_object","PosX":1493.118408203125,"PosY":476.6313781738281,"SizeX":32.0,"SizeY":32.0}
{"ID":30,"Name":"front_object","PosX":1300.05126953125,"PosY":166.55409240722656,"SizeX":32.0,"SizeY":32.0}
{"ID":31,"Name":"front_object","PosX":1136.2366943359375,"PosY":26.1417236328125,"SizeX":32.0,"SizeY":32.0}
{"ID":32,"Name":"front_object","PosX":1305.9017333984375,"PosY":274.78863525390625,"SizeX":32.0,"SizeY":32.0}
{"ID":33,"Name":"front_object","PosX":1750.540771484375,"PosY":239.68553161621094,"SizeX":32.0,"SizeY":32.0}
{"ID":34,"Name":"front_object","PosX":2432.1259765625,"PosY":210.4329833984375,"SizeX":32.0,"SizeY":32.0}
{"ID":35,"Name":"front_object","PosX":2496.4814453125,"PosY":93.42263793945313,"SizeX":32.0,"SizeY":32.0}
{"ID":36,"Name":"front_object","PosX":2285.86328125,"PosY":14.440673828125,"SizeX":32.0,"SizeY":32.0}
{"ID":37,"Name":"front_object","PosX":2116.1982421875,"PosY":-99.6444091796875,"SizeX":32.0,"SizeY":32.0}
{"ID":38,"Name":"front_object","PosX":1677.409423828125,"PosY":-219.57989501953125,"SizeX":32.0,"SizeY":32.0}
{"ID":39,"Name":"front_object","PosX":1504.8192138671875,"PosY":14.440673828125,"SizeX":32.0,"SizeY":32.0}
{"ID":40,"Name":"front_object","PosX":1332.22900390625,"PosY":219.20867919921875,"SizeX":32.0,"SizeY":32.0}
{"ID":41,"Name":"front_object","PosX":2739.27783203125,"PosY":67.09536743164063,"SizeX":32.0,"SizeY":32.0}
