{"ID":0,"Name":"static_object","PosX":1993.337158203125,"PosY":526.3607788085938,"SizeX":2176.0,"SizeY":192.0}
{"ID":1,"Name":"static_object","PosX":1259.09765625,"PosY":-128.89694213867188,"SizeX":256.0,"SizeY":32.0}
{"ID":2,"Name":"static_object","PosX":2470.154296875,"PosY":-164.00006103515625,"SizeX":256.0,"SizeY":32.0}
{"ID":3,"Name":"static_object","PosX":1867.55126953125,"PosY":58.319549560546875,"SizeX":256.0,"SizeY":32.0}
