{"ID":1,"Name":"static_object","PosX":1552.99853515625,"PosY":461.3481140136719,"SizeX":1184.0,"SizeY":64.0}
{"ID":2,"Name":"static_object","PosX":2737.0361328125,"PosY":461.3481140136719,"SizeX":1184.0,"SizeY":64.0}
{"ID":3,"Name":"static_object","PosX":3302.3876953125,"PosY":-75.5577392578125,"SizeX":32.0,"SizeY":1152.0}
{"ID":4,"Name":"static_object","PosX":1421.4388427734375,"PosY":-153.7824249267578,"SizeX":512.0,"SizeY":160.0}
{"ID":5,"Name":"static_object","PosX":2054.347900390625,"PosY":-672.91015625,"SizeX":512.0,"SizeY":160.0}
{"ID":6,"Name":"static_object","PosX":664.0816650390625,"PosY":-925.362548828125,"SizeX":512.0,"SizeY":160.0}
{"ID":7,"Name":"static_object","PosX":-623.0704345703125,"PosY":-1277.373779296875,"SizeX":512.0,"SizeY":160.0}
{"ID":8,"Name":"static_object","PosX":1748.5601806640625,"PosY":-1508.4921875,"SizeX":512.0,"SizeY":160.0}
{"ID":9,"Name":"static_object","PosX":-1650.6585693359375,"PosY":496.9049377441406,"SizeX":1600.0,"SizeY":160.0}
{"ID":10,"Name":"static_object","PosX":66.72930908203125,"PosY":564.46240234375,"SizeX":1984.0,"SizeY":288.0}
{"ID":11,"Name":"static_object","PosX":-1117.308349609375,"PosY":-178.67205810546875,"SizeX":512.0,"SizeY":288.0}
{"ID":12,"Name":"static_object","PosX":578.7454833984375,"PosY":-1910.28271484375,"SizeX":512.0,"SizeY":288.0}
