{"ID":0,"Name":"beck_object","PosX":1752.1158447265625,"PosY":-267.56390380859375,"SizeX":1568.0,"SizeY":1664.0}
{"ID":1,"Name":"beck_object","PosX":3177.93896484375,"PosY":-278.2308044433594,"SizeX":1568.0,"SizeY":1664.0}
{"ID":2,"Name":"beck_object","PosX":2811.705078125,"PosY":-1679.1641845703125,"SizeX":1568.0,"SizeY":1664.0}
{"ID":3,"Name":"beck_object","PosX":1684.558349609375,"PosY":-1576.0499267578125,"SizeX":1568.0,"SizeY":1664.0}
{"ID":4,"Name":"beck_object","PosX":429.407470703125,"PosY":-1309.374755859375,"SizeX":1568.0,"SizeY":1664.0}
{"ID":5,"Name":"beck_object","PosX":-985.74853515625,"PosY":-1288.040771484375,"SizeX":1568.0,"SizeY":1664.0}
{"ID":6,"Name":"beck_object","PosX":-1643.5472412109375,"PosY":-82.66909790039063,"SizeX":1568.0,"SizeY":1664.0}
{"ID":7,"Name":"beck_object","PosX":-452.3983154296875,"PosY":1325.375732421875,"SizeX":1568.0,"SizeY":1664.0}
{"ID":8,"Name":"beck_object","PosX":745.8619995117188,"PosY":1268.48486328125,"SizeX":1568.0,"SizeY":1664.0}
