{"ID":10,"Name":"beck_object","PosX":1981.63623046875,"PosY":34.91754150390625,"SizeX":2144.0,"SizeY":1152.0}
