{"ID":0,"Name":"front_object","PosX":1208.0987548828125,"PosY":319.1214904785156,"SizeX":32.0,"SizeY":288.0}
{"ID":1,"Name":"front_object","PosX":1378.770751953125,"PosY":304.8987731933594,"SizeX":32.0,"SizeY":288.0}
{"ID":2,"Name":"front_object","PosX":1663.2242431640625,"PosY":315.5657043457031,"SizeX":32.0,"SizeY":288.0}
{"ID":3,"Name":"front_object","PosX":2022.3470458984375,"PosY":329.7884216308594,"SizeX":32.0,"SizeY":288.0}
{"ID":4,"Name":"front_object","PosX":2395.692138671875,"PosY":312.0101013183594,"SizeX":32.0,"SizeY":288.0}
{"ID":5,"Name":"front_object","PosX":2840.150390625,"PosY":308.4543151855469,"SizeX":32.0,"SizeY":288.0}
{"ID":6,"Name":"front_object","PosX":486.298095703125,"PosY":-1135.14697265625,"SizeX":32.0,"SizeY":288.0}
{"ID":7,"Name":"front_object","PosX":557.411376953125,"PosY":-1142.2584228515625,"SizeX":32.0,"SizeY":288.0}
{"ID":8,"Name":"front_object","PosX":642.74755859375,"PosY":-1124.47998046875,"SizeX":32.0,"SizeY":288.0}
{"ID":9,"Name":"front_object","PosX":724.5278930664063,"PosY":-1131.59130859375,"SizeX":32.0,"SizeY":288.0}
{"ID":10,"Name":"front_object","PosX":831.1979370117188,"PosY":-1142.2584228515625,"SizeX":32.0,"SizeY":288.0}
{"ID":11,"Name":"front_object","PosX":1300.54638671875,"PosY":-288.89794921875,"SizeX":32.0,"SizeY":32.0}
{"ID":12,"Name":"front_object","PosX":1364.5482177734375,"PosY":-335.12164306640625,"SizeX":32.0,"SizeY":32.0}
{"ID":13,"Name":"front_object","PosX":1421.4388427734375,"PosY":-317.3431396484375,"SizeX":32.0,"SizeY":32.0}
{"ID":14,"Name":"front_object","PosX":1488.996826171875,"PosY":-367.1226501464844,"SizeX":32.0,"SizeY":32.0}
{"ID":15,"Name":"front_object","PosX":1506.7747802734375,"PosY":-320.8989562988281,"SizeX":32.0,"SizeY":32.0}
{"ID":16,"Name":"front_object","PosX":1414.32763671875,"PosY":-296.0093078613281,"SizeX":32.0,"SizeY":32.0}
{"ID":17,"Name":"front_object","PosX":1371.659423828125,"PosY":-338.6772155761719,"SizeX":32.0,"SizeY":32.0}
{"ID":18,"Name":"front_object","PosX":1286.323486328125,"PosY":-388.45660400390625,"SizeX":32.0,"SizeY":32.0}
{"ID":19,"Name":"front_object","PosX":1268.544921875,"PosY":-388.45660400390625,"SizeX":32.0,"SizeY":32.0}
{"ID":20,"Name":"front_object","PosX":1496.10791015625,"PosY":-505.79364013671875,"SizeX":32.0,"SizeY":32.0}
{"ID":21,"Name":"front_object","PosX":1506.7747802734375,"PosY":-402.6793212890625,"SizeX":32.0,"SizeY":32.0}
{"ID":22,"Name":"front_object","PosX":1432.105712890625,"PosY":-328.01031494140625,"SizeX":32.0,"SizeY":32.0}
{"ID":23,"Name":"front_object","PosX":1396.549072265625,"PosY":-424.01324462890625,"SizeX":32.0,"SizeY":32.0}
{"ID":24,"Name":"front_object","PosX":1520.9976806640625,"PosY":-402.6793212890625,"SizeX":32.0,"SizeY":32.0}
{"ID":25,"Name":"front_object","PosX":1584.99951171875,"PosY":-356.4555969238281,"SizeX":32.0,"SizeY":32.0}
{"ID":26,"Name":"front_object","PosX":1531.66455078125,"PosY":-296.0093078613281,"SizeX":32.0,"SizeY":32.0}
{"ID":27,"Name":"front_object","PosX":1424.994384765625,"PosY":-306.6762390136719,"SizeX":32.0,"SizeY":32.0}
{"ID":28,"Name":"front_object","PosX":1382.32666015625,"PosY":-310.2318115234375,"SizeX":32.0,"SizeY":32.0}
